-- phpMyAdmin SQL Dump
-- version 4.9.0.1
-- https://www.phpmyadmin.net/
--
-- Host: 127.0.0.1
-- Generation Time: Jun 07, 2021 at 04:50 AM
-- Server version: 10.4.6-MariaDB
-- PHP Version: 7.3.9

SET SQL_MODE = "NO_AUTO_VALUE_ON_ZERO";
SET AUTOCOMMIT = 0;
START TRANSACTION;
SET time_zone = "+00:00";


/*!40101 SET @OLD_CHARACTER_SET_CLIENT=@@CHARACTER_SET_CLIENT */;
/*!40101 SET @OLD_CHARACTER_SET_RESULTS=@@CHARACTER_SET_RESULTS */;
/*!40101 SET @OLD_COLLATION_CONNECTION=@@COLLATION_CONNECTION */;
/*!40101 SET NAMES utf8mb4 */;

--
-- Database: `db_sandes`
--

-- --------------------------------------------------------

--
-- Table structure for table `data_alternatif`
--

CREATE TABLE `data_alternatif` (
  `id_alternatif` int(11) NOT NULL,
  `nik_alternatif` bigint(20) NOT NULL,
  `nama_alternatif` varchar(100) NOT NULL,
  `nama_dusun` varchar(20) NOT NULL,
  `rt` int(11) NOT NULL,
  `rw` int(11) NOT NULL
) ENGINE=InnoDB DEFAULT CHARSET=latin1;

--
-- Dumping data for table `data_alternatif`
--

INSERT INTO `data_alternatif` (`id_alternatif`, `nik_alternatif`, `nama_alternatif`, `nama_dusun`, `rt`, `rw`) VALUES
(1, 3507241107590005, 'Warisan', 'Benel', 1, 1),
(2, 3507170303920003, 'M. Saroni', 'Benel', 1, 1),
(3, 3507241607640004, 'Marto', 'Benel', 1, 1),
(4, 3507240101500113, 'Parman', 'Benel', 1, 1),
(5, 3507241208790006, 'Moch. Suroto', 'Benel', 1, 1),
(6, 3507242203840004, 'Fedik Irawan', 'Benel', 1, 1),
(7, 3507241707860004, 'Sanari', 'Benel', 1, 1),
(8, 3507241503740004, 'Somat Dul Kodir', 'Benel', 1, 1),
(9, 3507240207550002, 'Sutaji', 'Benel', 1, 1),
(10, 3507240108440009, 'Warso', 'Benel', 1, 1),
(11, 3507240712450002, 'Ramijan', 'Benel', 1, 1),
(12, 3507245407470003, 'Wagiti', 'Benel', 1, 1),
(13, 3507241406590002, 'Mesduki', 'Benel', 1, 1),
(14, 3507240203820014, 'Abdulloh', 'Benel', 1, 1),
(15, 3507242207550001, 'Salam', 'Benel', 2, 1),
(16, 3507241808740010, 'Sugianto', 'Benel', 2, 1),
(17, 3507240507840011, 'Mohammad Roji', 'Benel', 2, 1),
(18, 3507240807800001, 'Moh. Zainul Arifin', 'Benel', 2, 1),
(19, 3507240307630008, 'Suwandi', 'Benel', 2, 1),
(20, 3507241708800015, 'Mochammad Ridwan', 'Benel', 2, 1),
(21, 3507240501850007, 'Budi Santoso', 'Benel', 2, 1),
(22, 3507245306700004, 'Ngatin Mustika', 'Benel', 2, 1),
(23, 3507171512870008, 'Moh. Robiul Awali', 'Benel', 2, 1),
(24, 3507241010710018, 'Gatot Sunjoto', 'Benel', 2, 1),
(25, 3507240101400118, 'Tahar', 'Benel', 2, 1),
(26, 3507241702750011, 'Miskan', 'Benel', 3, 1),
(27, 3507240405760007, 'Su\'in', 'Benel', 3, 1),
(28, 3507242601600002, 'Misdi', 'Benel', 3, 1),
(29, 3507241304700005, 'Sanap', 'Benel', 3, 1),
(30, 3507240607750010, 'Munir', 'Benel', 3, 1),
(31, 3507241401550002, 'Nadi', 'Benel', 3, 1),
(32, 3507240101510063, 'Miseri', 'Benel', 3, 1),
(33, 3507246109650003, 'Rantimah', 'Benel', 3, 1),
(34, 3507241202760007, 'Suyet', 'Benel', 3, 1),
(35, 3507243010580003, 'Paimin', 'Benel', 3, 1),
(36, 3507241206640006, 'Warisun', 'Benel', 3, 1),
(37, 3507240108420028, 'Sukri', 'Benel', 3, 1),
(38, 3507241703640003, 'Buamin', 'Benel', 3, 1),
(39, 3507240108650018, 'Mistar', 'Benel', 3, 1),
(40, 3507241806650001, 'Supaat', 'Benel', 3, 1),
(41, 3507254208860004, 'Siti Wasiatul Rochmah', 'Benel', 3, 1),
(42, 3507240103810006, 'Muh. Nur Abidin', 'Benel', 3, 1),
(43, 3507241204830015, 'Moch Rochim', 'Benel', 4, 1),
(44, 3507240101650131, 'Suwondo', 'Benel', 4, 1),
(45, 3507242204720003, 'Moh Khoirul', 'Benel', 4, 1),
(46, 3507240104720001, 'Mistar Romy', 'Benel', 4, 1),
(47, 3507240101690071, 'Riadi', 'Benel', 4, 1),
(48, 3507241907720005, 'Supriadi', 'Benel', 4, 1),
(49, 3507240101760049, 'Bariono', 'Benel', 4, 1),
(50, 3507241204670005, 'Sugianto', 'Benel', 4, 1),
(51, 3507240101520070, 'Paimin', 'Benel', 4, 1),
(52, 3507242502800001, 'Efendi', 'Benel', 4, 1),
(53, 3507240906900004, 'Iwan Junaedi', 'Benel', 4, 1),
(54, 3507240107860010, 'Mustakim', 'Benel', 4, 1),
(55, 3507244911640002, 'Jumiati', 'Benel', 5, 1),
(56, 3507240908770004, 'Akhmad Soleh', 'Benel', 5, 1),
(57, 3507241602670005, 'Suhari', 'Benel', 5, 1),
(58, 3507241202840007, 'Gatot Sunyoto', 'Benel', 5, 1),
(59, 3507240101660046, 'Rasam', 'Benel', 5, 1),
(60, 3507242011530001, 'Dasir', 'Benel', 5, 1),
(61, 3507242904800005, 'Sunaryo Al. Saidi', 'Benel', 5, 1),
(62, 3507242612770003, 'Sujiono', 'Benel', 5, 1),
(63, 3507241006600005, 'Suwaji', 'Benel', 5, 1),
(64, 3507242512750003, 'Sudiro Kusno', 'Benel', 5, 1),
(65, 3507245705540002, 'Siyah', 'Benel', 5, 1),
(66, 3507242502840037, 'Suyono', 'Benel', 6, 1),
(67, 3507245011600012, 'Asmani', 'Benel', 6, 1),
(68, 3507240701650006, 'Subari Indro', 'Benel', 6, 1),
(69, 3507241407570004, 'Ngatiman', 'Benel', 6, 1),
(70, 3507246011650005, 'Amiyah', 'Benel', 6, 1),
(71, 3507240101750059, 'Asmanu', 'Benel', 6, 1),
(72, 3507241405720005, 'Nur Khasan', 'Benel', 6, 1),
(73, 3507241811860006, 'Bachrun Amiq', 'Benel', 6, 1),
(74, 3507241507650008, 'Lian', 'Benel', 6, 1),
(75, 3507240701520001, 'Slamet', 'Benel', 6, 1),
(76, 3507240706740013, 'Marjoko', 'Benel', 6, 1),
(77, 3507180101650062, 'Mahmudi', 'Benel', 6, 1),
(78, 3507241610430002, 'Sampe', 'Benel', 6, 1),
(79, 3507240705690003, 'Hartono', 'Benel', 6, 1),
(80, 3507241108850010, 'Agus Hariono', 'Benel', 6, 1),
(81, 3507241204650010, 'Asmad', 'Benel', 7, 1),
(82, 3507242411840006, 'Hasani', 'Benel', 7, 1),
(83, 3507251807790003, 'Muchammad Imron Sadewo', 'Benel', 7, 1),
(84, 3507241110530001, 'Samidi', 'Benel', 7, 1),
(85, 3507240812770002, 'Suliadi', 'Benel', 7, 1),
(86, 3507241006770007, 'Mad Saeri', 'Benel', 7, 1),
(87, 3507241011550005, 'Paiman', 'Benel', 7, 1),
(88, 3507241209740007, 'Hari Pujiono', 'Benel', 7, 1),
(89, 3507241710530002, 'Kasan', 'Benel', 7, 1),
(90, 3507240503700012, 'Kamid', 'Benel', 7, 1),
(91, 3507241011500006, 'Danun', 'Benel', 7, 1),
(92, 3507242907760003, 'Rohmad', 'Benel', 7, 1),
(93, 3507241207450005, 'Wasimun', 'Benel', 7, 1),
(94, 3507241208690008, 'Solim', 'Benel', 7, 1),
(95, 3507241603820004, 'Sumari', 'Benel', 7, 1),
(96, 3507291004850007, 'Ardi', 'Benel', 7, 1),
(97, 3507242609880003, 'Heri', 'Benel', 7, 1),
(98, 3507240211860002, 'Mahfud Jumawan', 'Benel', 7, 1),
(99, 3507244209430004, 'Sariyah', 'Nampes', 1, 2),
(100, 3507241808300001, 'M. Saleh', 'Nampes', 1, 2),
(101, 3507240208720007, 'Sholeh Hudin', 'Nampes', 1, 2),
(102, 3507242904660004, 'Astawi', 'Nampes', 1, 2),
(103, 3507241710720006, 'Husen', 'Nampes', 1, 2),
(104, 3507241204550003, 'Tarimin', 'Nampes', 1, 2),
(105, 3507245707620004, 'Sunariyah', 'Nampes', 1, 2),
(106, 3507244409620002, 'Suryat', 'Nampes', 1, 2),
(107, 3507241706750005, 'M. Nur Kuzaini', 'Nampes', 1, 2),
(108, 3507241203630010, 'Misnan', 'Nampes', 1, 2),
(109, 3507242808730007, 'Basori', 'Nampes', 1, 2),
(110, 3507241812730008, 'Suroso', 'Nampes', 1, 2),
(111, 3507242504450001, 'Markasan', 'Nampes', 1, 2),
(112, 3507242402740001, 'Sugeng Warsito', 'Nampes', 1, 2),
(113, 3507242608710003, 'Suwandi', 'Nampes', 1, 2),
(114, 3507240507530009, 'Mustari', 'Nampes', 1, 2),
(115, 3507242706840001, 'Achmad Saifudin', 'Nampes', 1, 2),
(116, 3507242311460001, 'Ponarip', 'Nampes', 1, 2),
(117, 3507242011750003, 'Edi Subiartono', 'Nampes', 1, 2),
(118, 3507242802430001, 'Sai', 'Nampes', 2, 2),
(119, 3507245005480007, 'Juwarini', 'Nampes', 2, 2),
(120, 3507241007480002, 'Abd. Kodir', 'Nampes', 2, 2),
(121, 3507241409590003, 'Makuwar', 'Nampes', 2, 2),
(122, 3507241102660002, 'Djumain', 'Nampes', 2, 2),
(123, 3507244209400003, 'Sani', 'Nampes', 3, 2),
(124, 3507241205540007, 'Ngadiari', 'Nampes', 3, 2),
(125, 3507241802430002, 'Singorejo', 'Nampes', 3, 2),
(126, 3507241205680010, 'Suwardi', 'Nampes', 3, 2),
(127, 3507245203720004, 'Jumini', 'Nampes', 3, 2),
(129, 3507244603600002, 'Sunenti', 'Nampes', 3, 2),
(130, 3507240510690011, 'Nawawi', 'Nampes', 3, 2),
(131, 3507241409610002, 'Juwari', 'Nampes', 3, 2),
(132, 3507241507550008, 'Sukarno', 'Nampes', 3, 2),
(133, 3573042510820004, 'Moch. Sukir', 'Nampes', 3, 2),
(134, 3507241808630004, 'Moch. Ichwan', 'Nampes', 3, 2),
(135, 3507242407550001, 'Saruwi', 'Nampes', 3, 2),
(136, 3507241205600007, 'Nurajis', 'Nampes', 3, 2),
(137, 3507240411680001, 'Moch. Rapat', 'Nampes', 3, 2),
(138, 3507241706350001, 'Paimo', 'Nampes', 3, 2),
(139, 3507240207640007, 'Supadi', 'Nampes', 3, 2),
(140, 3507240101570009, 'Nur Sholeh', 'Nampes', 3, 2),
(141, 3507240101540066, 'Jai', 'Nampes', 3, 2),
(142, 3507241211790007, 'Sukrianto', 'Nampes', 4, 2),
(143, 3507240806770006, 'Moch. Saifudin', 'Nampes', 4, 2),
(144, 3507242701620001, 'Abdul Panjang', 'Nampes', 4, 2),
(145, 3507242512690002, 'Joko Mulyono', 'Nampes', 4, 2),
(146, 3507241709450002, 'Tani', 'Nampes', 4, 2),
(147, 3507240304840002, 'Supriyanto Jefri Wahyudi', 'Nampes', 4, 2),
(148, 3507240407540004, 'Akhmad Amar', 'Nampes', 4, 2),
(149, 3507245802430001, 'Ngatemi', 'Nampes', 4, 2),
(150, 3507242304770006, 'Mat Sholikin', 'Nampes', 6, 2),
(151, 3507241901640002, 'Paimin', 'Nampes', 6, 2),
(152, 3507241209600001, 'Sodik', 'Nampes', 6, 2),
(153, 3507241101650002, 'Sutrisno', 'Nampes', 6, 2),
(154, 3507243112500001, 'Taram ', 'Nampes', 6, 2),
(155, 3507243003800002, 'Mislan', 'Nampes', 6, 2),
(156, 3507240108450006, 'Wagiman', 'Nampes', 6, 2),
(157, 3507245207750004, 'Susiyah', 'Nampes', 6, 2),
(158, 3507242105790004, 'Burai', 'Nampes', 6, 2),
(159, 3507240509260001, 'Lamirun', 'Nampes', 6, 2),
(160, 3507245503480003, 'Suriyah', 'Nampes', 6, 2),
(161, 3507244503460004, 'Sintrim', 'Nampes', 6, 2),
(162, 3507240603790005, 'Yono', 'Nampes', 6, 2),
(163, 3507246508330001, 'Aspiyah', 'Nampes', 6, 2),
(164, 3507242302950001, 'Toyib Anas Ridho', 'Nampes', 6, 2),
(165, 3507244912770001, 'Nur Afidah', 'Nampes', 6, 2),
(166, 3507241508720004, 'Mat Diani', 'Nampes', 6, 2),
(167, 3507241904870004, 'Ahmad Suyanto', 'Nampes', 6, 2),
(168, 3526180810690001, 'Satimun', 'Nampes', 6, 2),
(169, 3507240912640002, 'Moh. Yudi', 'Nampes', 6, 2),
(170, 3507240604740002, 'Abd. Muksin', 'Nampes', 6, 2),
(171, 3507241303820003, 'Trisno WIbowo', 'Nampes', 6, 2),
(172, 3507242203730003, 'Rudyanto', 'Nampes', 6, 2),
(173, 3507241806460005, 'Pandri', 'Nampes', 6, 2),
(174, 3507240704850007, 'Mustakim', 'Nampes', 6, 2),
(175, 3507241107940001, 'Firman Agus Setiawan', 'Nampes', 7, 2),
(176, 3507240308720008, 'Moch. Yasin', 'Nampes', 7, 2),
(177, 3507245902450001, 'Sanatun', 'Nampes', 7, 2),
(178, 3507240404650002, 'Saleh', 'Nampes', 7, 2),
(179, 3507244108580028, 'Sayunah', 'Nampes', 7, 2),
(180, 3507240403370001, 'Supeno', 'Nampes', 7, 2),
(181, 3507241810480002, 'Parto', 'Nampes', 7, 2),
(182, 3507240108550020, 'Sanari', 'Nampes', 7, 2),
(183, 3507241811640004, 'Kuroto', 'Nampes', 7, 2),
(184, 3507240711660005, 'Tamin', 'Nampes', 7, 2),
(185, 3507244904430001, 'Painten', 'Nampes', 7, 2),
(186, 3507242802720008, 'Wagisan', 'Pakel', 1, 3),
(187, 3507240804640004, 'Munir', 'Pakel', 1, 3),
(188, 3507241207660009, 'Kosim', 'Pakel', 1, 3),
(189, 3507240304430001, 'Ponirun', 'Pakel', 1, 3),
(190, 3507240309720005, 'Wiyono', 'Pakel', 1, 3),
(191, 3507241202730001, 'Soleh Hudin', 'Pakel', 1, 3),
(192, 3507241602770003, 'Rohman', 'Pakel', 1, 3),
(193, 3507240202540002, 'Misnan', 'Pakel', 1, 3),
(194, 3507242108790004, 'Khoirul Anam', 'Pakel', 1, 3),
(195, 3507241811760007, 'Khoirul', 'Pakel', 1, 3),
(196, 3507240110500003, 'Misnan', 'Pakel', 1, 3),
(197, 3507240606770007, 'M. Rosidi', 'Pakel', 1, 3),
(198, 3507241010790017, 'Lutfiaji', 'Pakel', 1, 3),
(199, 3507242008750005, 'Supaat', 'Pakel', 1, 3),
(200, 3507240509760003, 'Sugianto', 'Pakel', 1, 3),
(201, 3507240104580004, 'Nurawi', 'Pakel', 1, 3),
(202, 3507242009800003, 'Lukman', 'Pakel', 1, 3),
(203, 3507241504890006, 'Misbah', 'Pakel', 1, 3),
(204, 3507242906930003, 'M. Rozaini Ardilni', 'Pakel', 2, 3),
(205, 3507241909630001, 'Sain', 'Pakel', 2, 3),
(206, 3507240505480004, 'Busari', 'Pakel', 2, 3),
(207, 3507241205560004, 'Selamet', 'Pakel', 2, 3),
(208, 3507241510870003, 'Seniman', 'Pakel', 2, 3),
(209, 3507244802970007, 'Wiwin Al Fitrianingsih', 'Pakel', 2, 3),
(210, 3507241909740004, 'Siin', 'Pakel', 2, 3),
(211, 3507244508420003, 'Samunah', 'Pakel', 2, 3),
(212, 3507241201750003, 'Ponisan', 'Pakel', 2, 3),
(213, 3507240807400003, 'Juri', 'Pakel', 2, 3),
(214, 3507241903750002, 'Samsul Muarif', 'Pakel', 2, 3),
(215, 3507240101810049, 'Hasim', 'Pakel', 2, 3),
(216, 3507241111660002, 'Nur Rifai ', 'Pakel', 2, 3),
(217, 3507244701480002, 'Siti', 'Pakel', 2, 3),
(218, 3507241908630005, 'Sihat', 'Pakel', 2, 3),
(219, 3507240203700005, 'Jupri', 'Pakel', 2, 3),
(220, 3507241806690009, 'Mahfud ', 'Pakel', 2, 3),
(221, 3507240303470003, 'Kardi', 'Pakel', 2, 3),
(222, 3507242906760009, 'Supadil', 'Pakel', 2, 3),
(223, 3507242601660001, 'Moch. Rofiin', 'Pakel', 2, 3),
(224, 3507241203700011, 'Rokim', 'Pakel', 2, 3),
(225, 3507241207740006, 'Ahcmad', 'Pakel', 2, 3),
(226, 3507241802510001, 'Toha', 'Pakel', 2, 3),
(227, 3507241206750003, 'Mustakim', 'Pakel', 2, 3),
(228, 3507241806590003, 'Ahma Ihsan', 'Pakel', 2, 3),
(229, 3507241801670002, 'Sunaji Tuwin', 'Pakel', 2, 3),
(230, 3507241605710002, 'Ngatijo Prigadi', 'Pakel', 2, 3),
(231, 3507241109500001, 'Satar', 'Pakel', 2, 3),
(232, 3507240711720008, 'Hosen', 'Pakel', 3, 3),
(233, 3507242110780004, 'Nur Salim', 'Pakel', 3, 3),
(234, 3507245112350002, 'Karmi', 'Pakel', 3, 3),
(235, 3507241311840002, 'Nurul Anam', 'Pakel', 3, 3),
(236, 3507241104840006, 'Yusuf Misnati', 'Pakel', 3, 3),
(237, 3507240303720002, 'Ponaki', 'Pakel', 3, 3),
(238, 3507242107580006, 'Suhaemi', 'Pakel', 3, 3),
(239, 3507241709070018, 'Ponawi', 'Pakel', 3, 3),
(240, 3507242003740004, 'Achmad Ismail', 'Pakel', 3, 3),
(242, 3507244108720012, 'Jumaiyah', 'Pakel', 3, 3),
(243, 3507241006600006, 'Slamet', 'Pakel', 3, 3),
(244, 3507241504450005, 'Saidun', 'Pakel', 3, 3),
(245, 3507240903680008, 'Matasan', 'Pakel', 3, 3),
(246, 3507241808440002, 'Djumari', 'Pakel', 3, 3),
(247, 3507242506670004, 'Asmat Durajak', 'Pakel', 3, 3),
(248, 3507240505810007, 'Pake', 'Pakel', 3, 3),
(249, 3507240711650005, 'M. Sholeh', 'Pakel', 3, 3),
(250, 3507241108550001, 'Hatnawi', 'Pakel', 3, 3),
(251, 3507241203620002, 'Dul Manap', 'Pakel', 3, 3),
(252, 3507241103720004, 'Hasan', 'Pakel', 3, 3),
(253, 3507241802460002, 'Sapari', 'Pakel', 3, 3),
(254, 3507242907760004, 'Sunan', 'Pakel', 3, 3),
(255, 3507240203540003, 'Mislan', 'Pakel', 3, 3),
(256, 3507240108470009, 'Kaseri', 'Pakel', 3, 3),
(257, 3507242008750004, 'Nur Hasan ', 'Pakel', 3, 3),
(258, 3507240410750007, 'Siono', 'Pakel', 3, 3),
(259, 3507241005560003, 'Ponadi', 'Pakel', 3, 3),
(260, 3507241205850006, 'Edi Susanto', 'Pakel', 3, 3),
(261, 3507245708740011, 'Mustiani', 'Pakel', 3, 3),
(262, 3507241111580003, 'Sakor', 'Pakel', 3, 3),
(263, 3507241506520005, 'Toha', 'Pakel', 3, 3),
(264, 3507241106820003, 'M. Hamid', 'Pakel', 3, 3),
(265, 3507242005820007, 'M. Yusuf', 'Pakel', 3, 3),
(266, 3507241010630001, 'Sudarso', 'Pakel', 3, 3),
(267, 3507243110800002, 'Hasanah', 'Pakel', 3, 3),
(268, 3507240304680002, 'Mat Basori', 'Pakel', 3, 3),
(269, 3507241302390001, 'Bachuri', 'Pakel', 3, 3),
(270, 3507241906300001, 'Abdul Jalil', 'Pakel', 3, 3),
(272, 3507240303870003, 'Asep Wardiyana', 'Pakel', 3, 3),
(273, 3507251304570004, 'Rotal', 'Pakel', 3, 3),
(274, 3507240101780052, 'Saihu', 'Pakel', 3, 3),
(275, 3507240502710002, 'Moh Ikhsan Safari', 'Pakel', 3, 3),
(276, 3514080610840001, 'Siswanto', 'Pakel', 3, 3),
(277, 3507241506890005, 'Muhid', 'Pakel', 3, 3),
(278, 3507240604610001, 'Sholikin', 'Pakel', 3, 3),
(279, 3507240412750005, 'Usnan', 'Pakel', 3, 3),
(280, 3573030410780006, 'Muhammad Yusuf', 'Pakel', 4, 3),
(281, 3507240701910005, 'Kholis', 'Pakel', 4, 3),
(282, 3507241602720002, 'Junaidi', 'Pakel', 3, 3),
(283, 3507240203790010, 'Moch Edi Abdul Sukur', 'Pakel', 4, 3),
(284, 3507240705400006, 'Marsuwi', 'Pakel', 4, 3),
(285, 3507240610760002, 'Abd. Mujib Ridwan', 'Pakel', 4, 3),
(286, 3507244101520073, 'Sunarmi', 'Pakel', 4, 3),
(287, 3507240808620008, 'Suyanto', 'Pakel', 4, 3),
(288, 3507241602500003, 'Saji', 'Pakel', 4, 3),
(289, 3507246702480001, 'Misnati', 'Pakel', 4, 3),
(290, 3507244703450002, 'Mursiti', 'Pakel', 4, 3),
(291, 3507241801810007, 'Abd. Syukur', 'Pakel', 4, 3),
(292, 3507244809830003, 'Safa Aton', 'Pakel', 4, 3),
(293, 3507241112850002, 'DIdik Irawan ', 'Pakel', 4, 3),
(295, 3507240508800005, 'Kolek', 'Pakel', 4, 3),
(296, 3507240204550003, 'Tokim', 'Pakel', 4, 3),
(297, 3507240101550119, 'Toha', 'Pakel', 4, 3),
(298, 3507240107670010, 'Matali', 'Pakel', 4, 3),
(299, 3507245606440001, 'Lihanna', 'Pakel', 4, 3),
(300, 3507240406750007, 'Ismail', 'Pakel', 4, 3),
(301, 3507240701600005, 'Sugimin', 'Pakel', 4, 3),
(302, 3507240802820007, 'Edi Santoso', 'Pakel', 4, 3),
(303, 3507241705850005, 'Saihul', 'Pakel', 4, 3),
(304, 3507242303660004, 'Wadi', 'Pakel', 4, 3),
(305, 3507241011520003, 'Purnomo', 'Pakel', 4, 3),
(306, 3507245207560002, 'Misarah', 'Pakel', 4, 3),
(307, 3507244703590009, 'Sonia', 'Pakel', 4, 3),
(308, 3507241301810001, 'Nur Kholis', 'Pakel', 4, 3),
(309, 3507241004470001, 'Kasemun', 'Pakel', 4, 3),
(310, 3507244202350003, 'Supiani', 'Pakel', 5, 3),
(311, 3507240706560002, 'Sutaji', 'Pakel', 5, 3),
(312, 3507240108490011, 'Suki', 'Pakel', 5, 3),
(313, 3507245002350004, 'Wariyati', 'Pakel', 5, 3),
(314, 3507242703780003, 'Sariman', 'Pakel', 5, 3),
(315, 3507240911750004, 'Hasan', 'Pakel', 5, 3),
(316, 3507244809780006, 'Punanti', 'Pakel', 5, 3),
(317, 3507240104390002, 'Satari', 'Pakel', 5, 3),
(318, 3507241507780008, 'Roni', 'Pakel', 5, 3),
(319, 3507241703740012, 'Imron Rosidi', 'Pakel', 5, 3),
(320, 3507241209400004, 'Kasimin', 'Pakel', 5, 3),
(321, 3507242110380002, 'M. Kasuwi', 'Pakel', 5, 3),
(322, 3507241411460002, 'Saimo', 'Pakel', 5, 3),
(323, 3507240102790009, 'Samsul Arifin', 'Pakel', 5, 3),
(324, 3507242303780001, 'Abdul Rouf', 'Pakel', 5, 3),
(325, 3507241410450001, 'Kusen', 'Pakel', 6, 3),
(326, 3514121705740001, 'Waluyo Utomo', 'Pakel', 6, 3),
(327, 3507241202650008, 'Samali', 'Pakel', 6, 3),
(328, 3507241506680006, 'Subadar ', 'Pakel', 6, 3),
(329, 3507240412440002, 'Martindjun', 'Pakel', 6, 3),
(330, 3507240204610006, 'Ponaim', 'Pakel', 6, 3),
(331, 3507241202630007, 'Rochmad', 'Pakel', 6, 3),
(332, 3507240104760002, 'Moch. Muchdor', 'Pakel', 6, 3),
(333, 3507245209740007, 'Buanah', 'Pakel', 6, 3),
(334, 3507241706600002, 'Marlukat', 'Pakel', 6, 3),
(335, 3507240105570007, 'Naseri', 'Pakel', 6, 3),
(336, 3507240604510004, 'Jumai', 'Pakel', 6, 3),
(337, 3507242203650003, 'Ponari', 'Pakel', 6, 3),
(338, 3507241007810003, 'Miskat', 'Pakel', 6, 3),
(339, 3507242802550002, 'Ali', 'Pakel', 6, 3),
(340, 3507242901600002, 'Nasuwi', 'Pakel', 6, 3),
(341, 3507240710510002, 'Paimo', 'Pakel', 6, 3),
(342, 3507240101750024, 'Iskhak', 'Pakel', 6, 3),
(343, 3507240505650014, 'Imam Asari', 'Pakel', 7, 3),
(344, 3507244104640006, 'Humaiyah', 'Pakel', 7, 3),
(345, 3507241510880003, 'Mohammad Ilyas', 'Pakel', 7, 3),
(346, 3507242506590005, 'Afriyanto', 'Pakel', 7, 3),
(347, 3507241502590002, 'Nurajak', 'Pakel', 7, 3),
(348, 3507240907650001, 'Hasan', 'Pakel', 7, 3),
(349, 3507242006770002, 'Sukardi', 'Pakel', 7, 3),
(350, 3507242409680001, 'Jamaludin', 'Pakel', 7, 3),
(351, 3507240304450002, 'Endang Sudirman ', 'Pakel', 7, 3),
(352, 3507241206450003, 'Turiman ', 'Pakel', 7, 3),
(353, 3507241602870006, 'Ismail', 'Pakel', 7, 3),
(354, 3507240102450010, 'Pai', 'Pakel', 7, 3),
(355, 3507241908760005, 'Ali Rohman', 'Pakel', 7, 3),
(356, 3507240107640011, 'Suwito', 'Pakel', 7, 3),
(357, 3507245508650006, 'Ponamah', 'Pakel', 7, 3),
(358, 3507241507680011, 'Moch Toha', 'Pakel', 7, 3),
(359, 3507240304600005, 'Abdullah', 'Pakel', 7, 3),
(360, 3507241706790007, 'Satar', 'Pakel', 7, 3),
(361, 3507240101520068, 'Misnan', 'Pakel', 7, 3),
(362, 3507240707710007, 'Ponasir', 'Pakel', 7, 3),
(363, 3507241410840006, 'Imam Suliin', 'Pakel', 7, 3),
(364, 3507242606770007, 'Iksan', 'Pakel', 7, 3),
(365, 3507246303640005, 'Suliatin', 'Pakel', 7, 3),
(366, 3507241508670010, 'Husaeri', 'Pakel', 7, 3),
(367, 3507241503730007, 'Abd. Syukur', 'Pakel', 7, 3),
(368, 3507240102450009, 'Merkuat', 'Pakel', 7, 3),
(369, 3579030404770009, 'Purwadi', 'Pakel', 7, 3),
(370, 3507241010680001, 'Syukur', 'Pakel', 8, 3),
(371, 3507242107670002, 'Hajin', 'Lowokjati', 1, 4),
(372, 3507240802600004, 'Satari', 'Lowokjati', 1, 4),
(373, 3507240101690076, 'Radi Hasan', 'Lowokjati', 1, 4),
(374, 3507241212840003, 'M. Khoirun Nurul Ichwan', 'Lowokjati', 1, 4),
(375, 3507240109680006, 'Nur Khalim', 'Lowokjati', 1, 4),
(376, 3507241804550002, 'Sahar', 'Lowokjati', 1, 4),
(377, 3507242711730005, 'Moh. Jupri', 'Lowokjati', 1, 4),
(378, 3507242709510004, 'Iksan', 'Lowokjati', 1, 4),
(379, 3507240704480002, 'Sulsaen', 'Lowokjati', 1, 4),
(380, 3507242203640001, 'Achmad Roji', 'Lowokjati', 1, 4),
(381, 3507240101470060, 'Seniman', 'Lowokjati', 1, 4),
(383, 3507241509400001, 'Kasdi', 'Lowokjati', 1, 4),
(385, 3507241812780001, 'Abd. Rochim', 'Lowokjati', 1, 4),
(386, 3507241707760009, 'Daroji', 'Lowokjati', 1, 4),
(387, 3507242009740005, 'Imam Moch. Syafii', 'Lowokjati', 1, 4),
(388, 3507241906620003, 'Qosim', 'Lowokjati', 1, 4),
(389, 3507240204580006, 'Cholik', 'Lowokjati', 1, 4),
(390, 3507240708780005, 'Mashud', 'Lowokjati', 1, 4),
(391, 3507241707450004, 'Madasir', 'Lowokjati', 1, 4),
(392, 3507242604540001, 'Suparto', 'Lowokjati', 1, 4),
(393, 3507241802530004, 'Samudi', 'Lowokjati', 1, 4),
(394, 3507240708650007, 'Rohim', 'Lowokjati', 1, 4),
(395, 3507241506790009, 'Shodikin', 'Lowokjati', 1, 4),
(396, 3507240805730005, 'Ali', 'Lowokjati', 1, 4),
(397, 3507240710820008, 'Hudik Harianto', 'Lowokjati', 1, 4),
(398, 3507241212500006, 'Buhari', 'Lowokjati', 1, 4),
(399, 3507241805730003, 'Nur Yasin', 'Lowokjati', 1, 4),
(400, 3507242310730007, 'Nur Said', 'Lowokjati', 1, 4),
(401, 3507241811420001, 'Jaimin', 'Lowokjati', 1, 4),
(402, 3507240404860005, 'Sutriyo', 'Lowokjati', 1, 4),
(403, 3507241111760001, 'Sunaryo', 'Lowokjati', 1, 4),
(404, 3507240108670036, 'Kontak', 'Lowokjati', 1, 4),
(405, 3573050506810020, 'Adi Suprapto', 'Lowokjati', 1, 4),
(406, 3507240612770007, 'Saiful Anwar', 'Lowokjati', 1, 4),
(407, 3507240202700003, 'Supai', 'Lowokjati', 1, 4),
(408, 3507244805600007, 'Sura', 'Lowokjati', 1, 4),
(409, 3507242509540001, 'Ngaseri', 'Lowokjati', 1, 4),
(410, 3507245010800003, 'Sapiyah', 'Lowokjati', 2, 4),
(411, 3507242303820006, 'Satuwin', 'Lowokjati', 2, 4),
(412, 3507241608730005, 'Kasdi', 'Lowokjati', 2, 4),
(413, 3507240711830005, 'M. Yasin', 'Lowokjati', 2, 4),
(414, 3507240512600002, 'Sultoni', 'Lowokjati', 2, 4),
(415, 3507240101580092, 'Jumain', 'Lowokjati', 2, 4),
(416, 3507241001550001, 'Jumadi', 'Lowokjati', 2, 4),
(417, 3507241002650012, 'Abd Goni', 'Lowokjati', 2, 4),
(418, 3507241004920004, 'M. Sholeh', 'Lowokjati', 2, 4),
(419, 3507240506640002, 'Habit', 'Lowokjati', 2, 4),
(420, 3507240206540001, 'Baidowi', 'Lowokjati', 2, 4),
(421, 3507240903800008, 'Subahan', 'Lowokjati', 2, 4),
(422, 3507241506600003, 'Mestam', 'Lowokjati', 2, 4),
(423, 3507241207700007, 'Soleh', 'Lowokjati', 3, 4),
(424, 3507240108670037, 'Asari', 'Lowokjati', 3, 4),
(425, 3507241409500004, 'Satar', 'Lowokjati', 3, 4),
(426, 3507241706340002, 'Sakur', 'Lowokjati', 3, 4),
(427, 3507241106590006, 'Samak', 'Lowokjati', 3, 4),
(428, 3507245010770008, 'Chusnul Khotimah', 'Lowokjati', 3, 4),
(429, 3507240304640006, 'Tekat Grahitno', 'Lowokjati', 3, 4),
(430, 3507240108540023, 'Suparto', 'Lowokjati', 3, 4),
(431, 3507245001680004, 'Rapiatin', 'Lowokjati', 3, 4),
(432, 3507241508830014, 'Mahfud', 'Lowokjati', 3, 4),
(433, 3514161011860002, 'Muslik', 'Lowokjati', 3, 4),
(434, 3507241105520001, 'Brahim', 'Lowokjati', 3, 4),
(435, 3507241505680007, 'Is Pramujito', 'Lowokjati', 3, 4),
(436, 3507240508690013, 'Ngatemin', 'Lowokjati', 3, 4),
(437, 3507240203460003, 'Budin', 'Lowokjati', 3, 4),
(438, 3507241109780005, 'Sholihin', 'Lowokjati', 3, 4),
(439, 3507245201550010, 'Bunaya', 'Lowokjati', 3, 4),
(440, 3507241805530001, 'Mat Suri', 'Lowokjati', 3, 4),
(441, 3507241201570006, 'Darimin', 'Lowokjati', 3, 4),
(442, 3507240101720057, 'Moch. Usman Efendi', 'Lowokjati', 3, 4),
(443, 3507240202820008, 'Imam Robani', 'Lowokjati', 3, 4),
(444, 3507242509770003, 'Samsul Muarif', 'Lowokjati', 4, 4),
(445, 3507240111630005, 'Misto', 'Lowokjati', 4, 4),
(447, 3507245210330004, 'Tasri', 'Lowokjati', 4, 4),
(448, 3507240807660003, 'Slamet', 'Lowokjati', 4, 4),
(449, 3507241210510004, 'Suparman', 'Lowokjati', 4, 4),
(450, 3507241505660004, 'Seniman', 'Lowokjati', 4, 4),
(451, 3507242011820002, 'Asikin', 'Lowokjati', 4, 4),
(452, 3507241402660004, 'Halim', 'Lowokjati', 4, 4),
(453, 3507240511490001, 'Haron', 'Lowokjati', 4, 4),
(454, 3507241506790010, 'Moch. Munir', 'Lowokjati', 4, 4),
(455, 3507241810630001, 'Supriono', 'Lowokjati', 4, 4),
(456, 3507240304460001, 'Jowair', 'Lowokjati', 4, 4),
(457, 3507241207790003, 'Suroso', 'Lowokjati', 4, 4),
(458, 3507241502630004, 'Sajat', 'Lowokjati', 4, 4),
(459, 3507242908810003, 'Ponidi', 'Lowokjati', 4, 4),
(460, 3507241502510003, 'Turiman ', 'Lowokjati', 4, 4),
(461, 3507240606450001, 'Taher', 'Lowokjati', 4, 4),
(462, 3507241102580004, 'Hafil', 'Lowokjati', 4, 4),
(463, 3507240506500004, 'Tohir', 'Lowokjati', 4, 4),
(464, 3507180101620035, 'Ahmad Nuhun', 'Lowokjati', 4, 4),
(465, 3507240403620005, 'Ali', 'Lowokjati', 4, 4),
(466, 3507244711600005, 'Sini', 'Lowokjati', 4, 4),
(467, 3507240204650005, 'Abdullah', 'Lowokjati', 4, 4),
(468, 3507245303870004, 'Jubaida', 'Lowokjati', 5, 4),
(469, 3507240107750014, 'Mustakim', 'Lowokjati', 5, 4),
(470, 3507241509530002, 'Hadori', 'Lowokjati', 5, 4),
(471, 3507241806510001, 'Salim', 'Lowokjati', 5, 4),
(472, 3507242110470001, 'Kasnawi', 'Lowokjati', 5, 4),
(473, 3507240704380002, 'Kaprawi', 'Lowokjati', 5, 4),
(474, 3507246011710006, 'Sani', 'Lowokjati', 5, 4),
(475, 3507240104600008, 'Temun', 'Lowokjati', 5, 4),
(476, 3507240109590006, 'Abdul Rohman', 'Lowokjati', 5, 4),
(477, 3507242206710003, 'Abdul Misrun', 'Lowokjati', 6, 4),
(478, 3507241110420005, 'Muchtar', 'Lowokjati', 6, 4),
(479, 3507241209660009, 'Misnan', 'Lowokjati', 6, 4),
(480, 3507244710440002, 'Paitri', 'Lowokjati', 6, 4),
(481, 3507240708400005, 'Amen', 'Lowokjati', 6, 4),
(482, 3507242210500001, 'Sahi', 'Lowokjati', 6, 4),
(483, 3507241706670005, 'Eskak', 'Lowokjati', 6, 4),
(484, 3507242008670005, 'Satar', 'Lowokjati', 6, 4),
(485, 3507241507780002, 'Yunus', 'Lowokjati', 6, 4),
(486, 3507241004680003, 'Sumardi', 'Lowokjati', 6, 4),
(487, 3507245506400004, 'Priwatin', 'Lowokjati', 6, 4),
(488, 3507241503850005, 'Syakur', 'Lowokjati', 6, 4),
(489, 3507240910410001, 'Buang', 'Lowokjati', 6, 4),
(490, 3507241703820004, 'Mat Soleh', 'Lowokjati', 6, 4),
(491, 3507245805430001, 'Juminah', 'Lowokjati', 6, 4),
(492, 3507240611670005, 'Taeb', 'Lowokjati', 6, 4),
(493, 3507240210490001, 'Matari', 'Lowokjati', 6, 4),
(494, 3507241208800017, 'Moh. Imron', 'Lowokjati', 6, 4),
(495, 3507240706670004, 'Misduki', 'Lowokjati', 6, 4),
(496, 3507242705820003, 'Abd Rahim', 'Lowokjati', 7, 4),
(497, 3507242304580004, 'Ngaseri', 'Lowokjati', 7, 4),
(498, 3507242512600004, 'Jumari', 'Lowokjati', 7, 4),
(499, 3507241203600011, 'Sukardi ', 'Lowokjati', 7, 4),
(500, 3507242412880006, 'Ahmad Sholihin', 'Lowokjati', 7, 4),
(501, 3507240704720005, 'Cungkalik', 'Lowokjati', 7, 4),
(502, 3507240101840058, 'Sholeh', 'Lowokjati', 7, 4),
(503, 3507241404650009, 'Kholil', 'Lowokjati', 7, 4),
(504, 3507241708710022, 'Ngatimin', 'Lowokjati', 7, 4),
(505, 3507241511830008, 'Hasanudin', 'Lowokjati', 7, 4),
(506, 3507240210690007, 'Sunarto', 'Lowokjati', 7, 4),
(507, 3507241705600002, 'Giono', 'Lowokjati', 7, 4),
(508, 3507240611600004, 'Hadori', 'Lowokjati', 7, 4),
(509, 3507241810480003, 'Kasim ', 'Lowokjati', 7, 4),
(510, 3507241212400002, 'Samaun', 'Lowokjati', 7, 4),
(511, 3507241811760008, 'Husaeri', 'Lowokjati', 7, 4),
(512, 3507241704730005, 'M. Shokip', 'Lowokjati', 7, 4),
(513, 3507241101750003, 'Sugeng Bagio', 'Lowokjati', 7, 4),
(514, 3507241102740002, 'Sahip', 'Lowokjati', 7, 4),
(515, 3514093006660038, 'Solehan', 'Lowokjati', 7, 4),
(516, 3507240809770004, 'Ridwan', 'Lowokjati', 7, 4),
(517, 3507240606740002, 'Sakur', 'Lowokjati', 7, 4),
(518, 3507241111790012, 'Suhaimi', 'Lowokjati', 7, 4),
(519, 3507240112630009, 'Mesto', 'Lowokjati', 7, 4),
(520, 3507241105710004, 'Kasimu', 'Lowokjati', 7, 4),
(521, 3507240707530005, 'Abdul Bai', 'Lowokjati', 7, 4),
(522, 3507240709760007, 'Jaini', 'Lowokjati', 7, 4),
(523, 3507241106700006, 'Moh. Syaiin', 'Lowokjati', 7, 4),
(524, 3507240101370019, 'Sanusi', 'Lowokjati', 7, 4),
(525, 3507240210540001, 'Boani', 'Lowokjati', 7, 4),
(526, 3507240701580002, 'Buimin', 'Lowokjati', 7, 4),
(527, 3507240206350002, 'Tosan', 'Lowokjati', 7, 4),
(528, 3507242111850001, 'Nur Iswadi', 'Lowokjati', 7, 4),
(529, 3507240809770004, 'Ridwan', 'Lowokjati', 7, 4),
(530, 3507240908800003, 'As Ari', 'Lowokjati', 7, 4),
(531, 3507241104680006, 'Ismail', 'Lowokjati', 7, 4),
(532, 3507241811460001, 'Saikan', 'Lowokjati', 7, 4),
(533, 3507241409870004, 'Purnomo', 'Lowokjati', 7, 4),
(534, 3507240108540022, 'Mesdi', 'Lowokjati', 7, 4),
(535, 3507240101820066, 'Moch. Sari', 'Lowokjati', 7, 4),
(536, 3507241604700003, 'Sohib', 'Lowokjati', 7, 4),
(537, 3507240505820012, 'Manap', 'Lowokjati', 8, 4),
(538, 3507242012880009, 'Saroful Anam', 'Lowokjati', 8, 4),
(539, 3507246005600003, 'Mariyam', 'Lowokjati', 8, 4),
(540, 3507240102680010, 'Sodik', 'Lowokjati', 8, 4),
(541, 3507243101440001, 'Yusuf', 'Lowokjati', 8, 4),
(542, 3507241203770003, 'Moh. Yusuf', 'Lowokjati', 8, 4),
(543, 3507241206640007, 'Satar', 'Lowokjati', 8, 4),
(544, 3507240806840003, 'Jafar Nur Hidayat', 'Lowokjati', 8, 4),
(545, 3507245509490003, 'Sumiyati', 'Lowokjati', 8, 4),
(546, 3507245209730005, 'Sutik Ani', 'Lowokjati', 8, 4),
(547, 3507242308480001, 'Samaun', 'Lowokjati', 8, 4),
(548, 3507241802430003, 'Zuhri', 'Lowokjati', 8, 4),
(549, 3507240509730006, 'Abd Rohman', 'Lowokjati', 8, 4),
(550, 3507240611760002, 'Samadi', 'Lowokjati', 8, 4),
(551, 3507240302590005, 'M. Rumongso', 'Lowokjati', 8, 4),
(552, 3507241211570003, 'Monip', 'Lowokjati', 8, 4),
(553, 3507245904450004, 'Rumini', 'Lowokjati', 8, 4),
(554, 3507245602710001, 'Mas Ula', 'Lowokjati', 8, 4),
(555, 3507242103480002, 'Umar Hotob', 'Lowokjati', 8, 4),
(556, 3507246507610002, 'Sunarmi', 'Lowokjati', 8, 4),
(557, 3507241208760002, 'Moch. Nizar', 'Lowokjati', 8, 4),
(558, 3507241004530003, 'Suin', 'Lowokjati', 8, 4),
(559, 3507241010580012, 'Kholili', 'Lowokjati', 8, 4),
(560, 3507241502900003, 'Roni', 'Lowokjati', 9, 4),
(561, 3507240802790010, 'Tamin', 'Lowokjati', 9, 4),
(562, 3507241212650008, 'Kabul', 'Lowokjati', 9, 4),
(563, 3507244804740003, 'Mariyam', 'Lowokjati', 9, 4),
(564, 3507240405620007, 'Buhari', 'Lowokjati', 9, 4),
(565, 3507240607660004, 'Misnadi', 'Lowokjati', 9, 4),
(566, 3507245511680006, 'Mulyani', 'Lowokjati', 9, 4),
(567, 3507240107570002, 'Ngaderi', 'Lowokjati', 9, 4),
(568, 3507240609840005, 'Ahmad Paidi Saifudin', 'Lowokjati', 9, 4),
(569, 3507240709830006, 'Shomma Ari', 'Lowokjati', 9, 4),
(570, 3507240405500002, 'Mawi', 'Lowokjati', 9, 4),
(571, 3507242002780004, 'Sugeng Budiono', 'Lowokjati', 9, 4),
(572, 3507240208690007, 'Darsono', 'Lowokjati', 9, 4),
(573, 3507240306850002, 'Supardi', 'Lowokjati', 9, 4),
(574, 3507240607660004, 'Misnadi', 'Lowokjati', 9, 4),
(575, 3507242104730005, 'Solikin', 'Lowokjati', 9, 4),
(576, 3507240309690004, 'Sadek', 'Lowokjati', 9, 4),
(577, 3507242901820007, 'Arifin', 'Lowokjati', 9, 4),
(578, 3507242506650010, 'Lasim', 'Lowokjati', 10, 4),
(579, 3507240708690009, 'Sahad', 'Lowokjati', 10, 4),
(580, 3507242011820003, 'Sahroni', 'Lowokjati', 10, 4),
(581, 3507242001500001, 'Slamet', 'Lowokjati', 10, 4),
(582, 3507241405750002, 'Kartono', 'Lowokjati', 10, 4),
(583, 3579020605820001, 'M. Soleh', 'Lowokjati', 10, 4),
(584, 3507241003850004, 'Ikrom', 'Lowokjati', 10, 4),
(585, 3507241102470001, 'Turi ', 'Lowokjati', 10, 4),
(586, 3507241405770007, 'Buchori', 'Lowokjati', 10, 4),
(587, 3507240101500114, 'Sahid', 'Lowokjati', 10, 4),
(588, 3507241804620001, 'Miskandar', 'Lowokjati', 10, 4),
(589, 3507240711780004, 'Abdul Muin', 'Lowokjati', 10, 4),
(590, 3507240603690003, 'Sulaiman', 'Lowokjati', 10, 4),
(591, 3507240604910004, 'M. Hudin', 'Lowokjati', 10, 4),
(592, 3507240708650008, 'Buamat', 'Lowokjati', 10, 4),
(593, 3507242110580003, 'Tumari', 'Lowokjati', 10, 4),
(594, 3507242712730002, 'Suwoto', 'Lowokjati', 10, 4),
(595, 3507245605500003, 'Tonaya', 'Lowokjati', 11, 4),
(596, 3507241911620004, 'Buawi', 'Lowokjati', 11, 4),
(597, 3507241308820002, 'Yudi', 'Lowokjati', 11, 4),
(598, 3507240709730005, 'Hudin', 'Lowokjati', 11, 4),
(599, 3507241001680011, 'Ponadi', 'Lowokjati', 11, 4),
(600, 3507241505840008, 'N Wahid Kasyim', 'Lowokjati', 11, 4),
(601, 3507241509700003, 'Sakri', 'Lowokjati', 11, 4),
(602, 3507245011510001, 'Sriaton', 'Lowokjati', 11, 4),
(603, 3507240909730010, 'Hoiril', 'Lowokjati', 11, 4),
(604, 3507241308730002, 'Buhari Handoko', 'Lowokjati', 11, 4),
(605, 3507240304610004, 'Toha', 'Lowokjati', 11, 4),
(606, 3507242402820002, 'Budi', 'Lowokjati', 11, 4),
(607, 3507241104840005, 'Muklis', 'Lowokjati', 11, 4),
(608, 3507240206740011, 'Edy Siswanto', 'Lowokjati', 11, 4),
(609, 3507240511750004, 'Asrim', 'Lowokjati', 11, 4),
(610, 3507240505500006, 'Waji', 'Lowokjati', 12, 4),
(611, 3507240807770003, 'Mustofa', 'Lowokjati', 12, 4),
(612, 3507242606660006, 'Bisri', 'Lowokjati', 12, 4),
(613, 3507240807830009, 'Muhammad Lutfi', 'Lowokjati', 12, 4),
(614, 3507241203420007, 'Sunar', 'Lowokjati', 12, 4),
(615, 3507241902770003, 'Moh. Rohman', 'Lowokjati', 12, 4),
(616, 3507240204840002, 'Moch. Rohman', 'Lowokjati', 12, 4),
(617, 3507242011400001, 'Abdul Bai', 'Lowokjati', 12, 4),
(620, 3507241603530002, 'Sukir', 'Benel', 6, 1);

-- --------------------------------------------------------

--
-- Table structure for table `data_kriteria`
--

CREATE TABLE `data_kriteria` (
  `id_kriteria` int(11) NOT NULL,
  `kode_kriteria` varchar(100) NOT NULL,
  `nama_kriteria` varchar(100) NOT NULL
) ENGINE=InnoDB DEFAULT CHARSET=latin1;

--
-- Dumping data for table `data_kriteria`
--

INSERT INTO `data_kriteria` (`id_kriteria`, `kode_kriteria`, `nama_kriteria`) VALUES
(1, 'C1', 'Ibu Hamil'),
(2, 'C2', 'Batita (<=3 Tahun)'),
(3, 'C3', 'Stunting'),
(4, 'C4', 'Disabilitas'),
(5, 'C5', 'Kelayakkan Sanitasi'),
(6, 'C6', 'Kondisi Fisik Rumah');

-- --------------------------------------------------------

--
-- Table structure for table `data_lapangan`
--

CREATE TABLE `data_lapangan` (
  `id_lapangan` int(11) NOT NULL,
  `id_alternatif` int(11) NOT NULL,
  `id_subkriteria` int(11) NOT NULL
) ENGINE=InnoDB DEFAULT CHARSET=latin1;

--
-- Dumping data for table `data_lapangan`
--

INSERT INTO `data_lapangan` (`id_lapangan`, `id_alternatif`, `id_subkriteria`) VALUES
(1, 80, 1),
(2, 80, 11),
(3, 80, 15),
(4, 80, 16),
(5, 80, 25),
(6, 80, 28),
(7, 73, 1),
(8, 73, 12),
(9, 73, 15),
(10, 73, 16),
(11, 73, 25),
(12, 73, 27),
(13, 45, 1),
(14, 45, 11),
(15, 45, 15),
(16, 45, 16),
(17, 45, 25),
(18, 45, 28),
(19, 54, 1),
(20, 54, 11),
(21, 54, 15),
(22, 54, 16),
(23, 54, 25),
(24, 54, 27),
(25, 42, 1),
(26, 42, 10),
(27, 42, 15),
(28, 42, 16),
(29, 42, 25),
(30, 42, 27),
(31, 21, 1),
(32, 21, 12),
(33, 21, 15),
(34, 21, 16),
(35, 21, 17),
(36, 21, 27),
(37, 26, 1),
(38, 26, 10),
(39, 26, 15),
(40, 26, 16),
(41, 26, 17),
(42, 26, 19),
(43, 30, 1),
(44, 30, 10),
(45, 30, 15),
(46, 30, 16),
(47, 30, 17),
(48, 30, 27),
(49, 63, 1),
(50, 63, 10),
(51, 63, 15),
(52, 63, 16),
(53, 63, 26),
(54, 63, 28),
(55, 40, 1),
(56, 40, 10),
(57, 40, 15),
(58, 40, 16),
(59, 40, 17),
(60, 40, 27),
(61, 5, 1),
(62, 5, 10),
(63, 5, 15),
(64, 5, 16),
(65, 5, 17),
(66, 5, 19),
(73, 39, 1),
(74, 39, 10),
(75, 39, 15),
(76, 39, 16),
(77, 39, 17),
(78, 39, 19),
(79, 50, 1),
(80, 50, 10),
(81, 50, 15),
(82, 50, 16),
(83, 50, 17),
(84, 50, 27),
(85, 22, 1),
(86, 22, 10),
(87, 22, 15),
(88, 22, 16),
(89, 22, 24),
(90, 22, 19),
(91, 64, 1),
(92, 64, 10),
(93, 64, 15),
(94, 64, 16),
(95, 64, 17),
(96, 64, 19),
(97, 67, 1),
(98, 67, 10),
(99, 67, 15),
(100, 67, 16),
(101, 67, 24),
(102, 67, 27),
(103, 69, 1),
(104, 69, 10),
(105, 69, 15),
(106, 69, 16),
(107, 69, 24),
(108, 69, 19),
(109, 72, 1),
(110, 72, 10),
(111, 72, 15),
(112, 72, 16),
(113, 72, 17),
(114, 72, 27),
(115, 84, 1),
(116, 84, 10),
(117, 84, 15),
(118, 84, 16),
(119, 84, 24),
(120, 84, 19),
(121, 2, 1),
(122, 2, 10),
(123, 2, 15),
(124, 2, 16),
(125, 2, 25),
(126, 2, 29),
(127, 6, 1),
(128, 6, 10),
(129, 6, 15),
(130, 6, 16),
(131, 6, 26),
(132, 6, 30),
(133, 90, 1),
(134, 90, 10),
(135, 90, 15),
(136, 90, 16),
(137, 90, 24),
(138, 90, 28),
(139, 23, 1),
(140, 23, 12),
(141, 23, 15),
(142, 23, 16),
(143, 23, 25),
(144, 23, 29),
(145, 24, 1),
(146, 24, 10),
(147, 24, 15),
(148, 24, 16),
(149, 24, 25),
(150, 24, 19),
(151, 41, 1),
(152, 41, 10),
(153, 41, 20),
(154, 41, 16),
(155, 41, 25),
(156, 41, 30),
(157, 65, 1),
(158, 65, 10),
(159, 65, 15),
(160, 65, 16),
(161, 65, 17),
(162, 65, 19),
(163, 66, 1),
(164, 66, 10),
(165, 66, 15),
(166, 66, 16),
(167, 66, 25),
(168, 66, 27),
(169, 25, 1),
(170, 25, 10),
(171, 25, 15),
(172, 25, 16),
(173, 25, 17),
(174, 25, 19),
(175, 131, 1),
(176, 131, 10),
(177, 131, 15),
(178, 131, 16),
(179, 131, 24),
(180, 131, 29),
(181, 123, 1),
(182, 123, 10),
(183, 123, 15),
(184, 123, 16),
(185, 123, 26),
(186, 123, 29),
(187, 142, 1),
(188, 142, 10),
(189, 142, 15),
(190, 142, 16),
(191, 142, 25),
(192, 142, 29),
(193, 147, 1),
(194, 147, 10),
(195, 147, 15),
(196, 147, 16),
(197, 147, 25),
(198, 147, 28),
(199, 166, 1),
(200, 166, 10),
(201, 166, 15),
(202, 166, 16),
(203, 166, 25),
(204, 166, 27),
(205, 152, 1),
(206, 152, 10),
(207, 152, 15),
(208, 152, 16),
(209, 152, 25),
(210, 152, 27),
(211, 150, 1),
(212, 150, 10),
(213, 150, 15),
(214, 150, 16),
(215, 150, 25),
(216, 150, 27),
(217, 157, 1),
(218, 157, 10),
(219, 157, 15),
(220, 157, 16),
(221, 157, 25),
(222, 157, 28),
(223, 183, 1),
(224, 183, 10),
(225, 183, 15),
(226, 183, 22),
(227, 183, 24),
(228, 183, 29),
(229, 177, 1),
(230, 177, 10),
(231, 177, 15),
(232, 177, 16),
(233, 177, 25),
(234, 177, 29),
(235, 118, 1),
(236, 118, 10),
(237, 118, 20),
(238, 118, 16),
(239, 118, 25),
(240, 118, 27),
(241, 119, 1),
(242, 119, 10),
(243, 119, 15),
(244, 119, 16),
(245, 119, 17),
(246, 119, 19),
(247, 251, 1),
(248, 251, 10),
(249, 251, 15),
(250, 251, 22),
(251, 251, 25),
(252, 251, 30),
(253, 277, 1),
(254, 277, 10),
(255, 277, 15),
(256, 277, 22),
(257, 277, 24),
(258, 277, 27),
(259, 278, 1),
(260, 278, 11),
(261, 278, 15),
(262, 278, 16),
(263, 278, 24),
(264, 278, 30),
(265, 282, 1),
(266, 282, 10),
(267, 282, 15),
(268, 282, 16),
(269, 282, 24),
(270, 282, 30),
(271, 279, 1),
(272, 279, 10),
(273, 279, 15),
(274, 279, 16),
(275, 279, 24),
(276, 279, 29),
(277, 280, 1),
(278, 280, 11),
(279, 280, 15),
(280, 280, 16),
(281, 280, 25),
(282, 280, 28),
(283, 383, 1),
(284, 383, 10),
(285, 383, 15),
(286, 383, 16),
(287, 383, 26),
(288, 383, 28),
(289, 469, 1),
(290, 469, 10),
(291, 469, 15),
(292, 469, 16),
(293, 469, 24),
(294, 469, 28),
(295, 468, 1),
(296, 468, 11),
(297, 468, 15),
(298, 468, 16),
(299, 468, 24),
(300, 468, 28),
(301, 536, 1),
(302, 536, 10),
(303, 536, 15),
(304, 536, 16),
(305, 536, 24),
(306, 536, 27),
(307, 484, 1),
(308, 484, 10),
(309, 484, 15),
(310, 484, 16),
(311, 484, 17),
(312, 484, 19),
(313, 477, 1),
(314, 477, 10),
(315, 477, 15),
(316, 477, 16),
(317, 477, 17),
(318, 477, 27),
(319, 486, 1),
(320, 486, 10),
(321, 486, 15),
(322, 486, 16),
(323, 486, 17),
(324, 486, 27),
(325, 491, 1),
(326, 491, 10),
(327, 491, 15),
(328, 491, 16),
(329, 491, 24),
(330, 491, 19),
(331, 467, 1),
(332, 467, 10),
(333, 467, 15),
(334, 467, 16),
(335, 467, 17),
(336, 467, 19),
(337, 422, 1),
(338, 422, 10),
(339, 422, 15),
(340, 422, 16),
(341, 422, 25),
(342, 422, 19),
(343, 496, 1),
(344, 496, 10),
(345, 496, 15),
(346, 496, 16),
(347, 496, 17),
(348, 496, 19),
(349, 243, 1),
(350, 243, 10),
(351, 243, 15),
(352, 243, 16),
(353, 243, 25),
(354, 243, 30),
(355, 524, 1),
(356, 524, 11),
(357, 524, 20),
(358, 524, 16),
(359, 524, 24),
(360, 524, 27),
(367, 1, 1),
(368, 1, 10),
(369, 1, 15),
(370, 1, 16),
(371, 1, 24),
(372, 1, 19),
(373, 530, 1),
(374, 530, 10),
(375, 530, 15),
(376, 530, 16),
(377, 530, 17),
(378, 530, 19),
(379, 620, 1),
(380, 620, 10),
(381, 620, 15),
(382, 620, 16),
(383, 620, 17),
(384, 620, 19);

-- --------------------------------------------------------

--
-- Table structure for table `data_login`
--

CREATE TABLE `data_login` (
  `id_datalogin` int(11) NOT NULL,
  `nama` varchar(100) NOT NULL,
  `divisi` varchar(100) NOT NULL,
  `no_telepon` varchar(12) NOT NULL,
  `username` varchar(100) NOT NULL,
  `password` varchar(100) NOT NULL,
  `level` varchar(20) NOT NULL
) ENGINE=InnoDB DEFAULT CHARSET=latin1;

--
-- Dumping data for table `data_login`
--

INSERT INTO `data_login` (`id_datalogin`, `nama`, `divisi`, `no_telepon`, `username`, `password`, `level`) VALUES
(17, 'User1', 'TFL', '081098765432', 'User', 'user', 'Pihak Pelaksana'),
(39, 'Alfarizqi Abiyyu', 'D4', '081234567890', 'Admin', 'admin', 'Admin');

-- --------------------------------------------------------

--
-- Table structure for table `data_subkriteria`
--

CREATE TABLE `data_subkriteria` (
  `id_subkriteria` int(11) NOT NULL,
  `id_kriteria` int(11) NOT NULL,
  `kode_subkriteria` varchar(100) NOT NULL,
  `nama_subkriteria` varchar(100) NOT NULL,
  `nilai_subkriteria` int(11) NOT NULL
) ENGINE=InnoDB DEFAULT CHARSET=latin1;

--
-- Dumping data for table `data_subkriteria`
--

INSERT INTO `data_subkriteria` (`id_subkriteria`, `id_kriteria`, `kode_subkriteria`, `nama_subkriteria`, `nilai_subkriteria`) VALUES
(1, 1, 'K11', '0 (Ibu hamil)', 1),
(2, 1, 'K12', 'Trimester 1', 2),
(3, 1, 'K13', 'Trimester 2', 3),
(4, 1, 'K14', 'Trimester 3', 4),
(10, 2, 'K21', '0 (Batita)', 1),
(11, 2, 'K22', 'Batita (2 s/d <= 3 Tahun)', 2),
(12, 2, 'K23', 'Batita (1 s/d <= 2 Tahun)', 3),
(14, 2, 'K24', 'Batita (0 s/d <= 1 Tahun)', 4),
(15, 3, 'K31', '0 (Anak Stunting)', 1),
(16, 4, 'K41', '0 (Orang Disabilitas)', 1),
(17, 5, 'K51', 'Punya toilet, bilik tidak permanen', 1),
(19, 6, 'K61', 'Rumah dinding dengan plafond, lantai plester', 1),
(20, 3, 'K32', '1 Anak Stunting', 2),
(21, 3, 'K33', '2 Anak Stunting', 3),
(22, 4, 'K42', '1 (Orang Disabilitas)', 2),
(23, 4, 'K43', '2 (Orang Disabilitas)', 3),
(24, 5, 'K52', 'Punya cubluk, bilik tidak permanen', 2),
(25, 5, 'K53', 'Tidak punya sama sekali, bergabung dengan tetangga', 3),
(26, 5, 'K54', 'Tidak punya sama sekali, BAB di sungai', 4),
(27, 6, 'K62', 'Rumah dinding tanpa plafond, lantai plester', 2),
(28, 6, 'K63', 'Rumah dinding ½ bata tanpa plafond, lantai plester', 3),
(29, 6, 'K64', 'Rumah dinding ½ bata tanpa plafond, lantai tanah', 4),
(30, 6, 'K65', 'Rumah dinding dari bambu tanpa plafond, lantai tanah', 5);

-- --------------------------------------------------------

--
-- Table structure for table `kriteria_bobot`
--

CREATE TABLE `kriteria_bobot` (
  `id_bobot` int(11) NOT NULL,
  `nilai_bobot` float NOT NULL,
  `status` int(11) NOT NULL
) ENGINE=InnoDB DEFAULT CHARSET=latin1;

--
-- Dumping data for table `kriteria_bobot`
--

INSERT INTO `kriteria_bobot` (`id_bobot`, `nilai_bobot`, `status`) VALUES
(1, 0.173491, 0),
(2, 0.127721, 0),
(3, 0.0782833, 0),
(4, 0.0380811, 0),
(5, 0.345193, 0),
(6, 0.237231, 0);

--
-- Indexes for dumped tables
--

--
-- Indexes for table `data_alternatif`
--
ALTER TABLE `data_alternatif`
  ADD PRIMARY KEY (`id_alternatif`);

--
-- Indexes for table `data_kriteria`
--
ALTER TABLE `data_kriteria`
  ADD PRIMARY KEY (`id_kriteria`);

--
-- Indexes for table `data_lapangan`
--
ALTER TABLE `data_lapangan`
  ADD PRIMARY KEY (`id_lapangan`),
  ADD KEY `id_alternatif` (`id_alternatif`),
  ADD KEY `id_subkriteria` (`id_subkriteria`);

--
-- Indexes for table `data_login`
--
ALTER TABLE `data_login`
  ADD PRIMARY KEY (`id_datalogin`);

--
-- Indexes for table `data_subkriteria`
--
ALTER TABLE `data_subkriteria`
  ADD PRIMARY KEY (`id_subkriteria`),
  ADD KEY `id_kriteria` (`id_kriteria`);

--
-- Indexes for table `kriteria_bobot`
--
ALTER TABLE `kriteria_bobot`
  ADD PRIMARY KEY (`id_bobot`);

--
-- AUTO_INCREMENT for dumped tables
--

--
-- AUTO_INCREMENT for table `data_alternatif`
--
ALTER TABLE `data_alternatif`
  MODIFY `id_alternatif` int(11) NOT NULL AUTO_INCREMENT, AUTO_INCREMENT=621;

--
-- AUTO_INCREMENT for table `data_kriteria`
--
ALTER TABLE `data_kriteria`
  MODIFY `id_kriteria` int(11) NOT NULL AUTO_INCREMENT, AUTO_INCREMENT=16;

--
-- AUTO_INCREMENT for table `data_lapangan`
--
ALTER TABLE `data_lapangan`
  MODIFY `id_lapangan` int(11) NOT NULL AUTO_INCREMENT, AUTO_INCREMENT=385;

--
-- AUTO_INCREMENT for table `data_login`
--
ALTER TABLE `data_login`
  MODIFY `id_datalogin` int(11) NOT NULL AUTO_INCREMENT, AUTO_INCREMENT=45;

--
-- AUTO_INCREMENT for table `data_subkriteria`
--
ALTER TABLE `data_subkriteria`
  MODIFY `id_subkriteria` int(11) NOT NULL AUTO_INCREMENT, AUTO_INCREMENT=31;

--
-- AUTO_INCREMENT for table `kriteria_bobot`
--
ALTER TABLE `kriteria_bobot`
  MODIFY `id_bobot` int(11) NOT NULL AUTO_INCREMENT, AUTO_INCREMENT=7;

--
-- Constraints for dumped tables
--

--
-- Constraints for table `data_lapangan`
--
ALTER TABLE `data_lapangan`
  ADD CONSTRAINT `data_lapangan_ibfk_1` FOREIGN KEY (`id_alternatif`) REFERENCES `data_alternatif` (`id_alternatif`),
  ADD CONSTRAINT `data_lapangan_ibfk_2` FOREIGN KEY (`id_subkriteria`) REFERENCES `data_subkriteria` (`id_subkriteria`);

--
-- Constraints for table `data_subkriteria`
--
ALTER TABLE `data_subkriteria`
  ADD CONSTRAINT `data_subkriteria_ibfk_1` FOREIGN KEY (`id_kriteria`) REFERENCES `data_kriteria` (`id_kriteria`);
COMMIT;

/*!40101 SET CHARACTER_SET_CLIENT=@OLD_CHARACTER_SET_CLIENT */;
/*!40101 SET CHARACTER_SET_RESULTS=@OLD_CHARACTER_SET_RESULTS */;
/*!40101 SET COLLATION_CONNECTION=@OLD_COLLATION_CONNECTION */;
